{"lr-AdamW": 0.0003, "trainer/global_step": 0, "_timestamp": 1704691343.7236738, "_runtime": 9.367528915405273, "_step": 0, "_wandb": {"runtime": 8}}