{"lr-AdamW": 0.0003, "trainer/global_step": 16, "_timestamp": 1704691165.0801363, "_runtime": 17.809842348098755, "_step": 34, "train_loss": 2.53847599029541, "train_score": 0.125, "epoch": 0, "valid_loss": 4.8541131019592285, "val_score": 0.09679999947547913, "_wandb": {"runtime": 16}}