{"lr-AdamW": 0.0003, "trainer/global_step": 67, "_timestamp": 1704691309.211835, "_runtime": 25.851698875427246, "_step": 138, "train_loss": 2.3185513019561768, "train_score": 0.25, "epoch": 0, "valid_loss": 3.9217207431793213, "val_score": 0.10320000350475311, "_wandb": {"runtime": 25}}