{"lr-AdamW": 0.0003, "trainer/global_step": 0, "_timestamp": 1704691366.986965, "_runtime": 9.49436092376709, "_step": 0, "_wandb": {"runtime": 8}}